Workbook

Sheet Petunjuk
B2: 📋 TEMPLATE KELUANGAN WAKTU
B4: Cara Penggunaan:
B5: 1. Buka sheet nama kamu (misal: 'Orang 1', 'Orang 2', 'Orang 3')
B6: 2. Klik sel yang ingin diubah sesuai tanggal & jam
B7: 3. Ketik 'M' untuk MERAH (tidak luang) atau 'H' untuk HIJAU (luang)
B8: 4. Tekan Enter — warna akan otomatis berubah!
B9: 5. Cek sheet 'Rekap' untuk lihat keluangan bersama
B11: Keterangan Warna:
B12: MERAH = Tidak Luang
B13: HIJAU = Luang / Bisa
B15: Tanggal yang dicakup: 14 April 2026 – 30 April 2026 (17 hari)
B16: Jam: 00:00 – 23:00 (24 slot per hari)

Sheet Orang 1
A1: ⏰ Keluangan Waktu — Orang 1
A2: JAM | B2: Sel 14/4 | C2: Rab 15/4 | D2: Kam 16/4 | E2: Jum 17/4 | F2: Sab 18/4 | G2: Min 19/4 | H2: Sen 20/4 | I2: Sel 21/4 | J2: Rab 22/4 | K2: Kam 23/4 | L2: Jum 24/4 | M2: Sab 25/4 | N2: Min 26/4 | O2: Sen 27/4 | P2: Sel 28/4 | Q2: Rab 29/4 | R2: Kam 30/4
A3: 00:00
A4: 01:00
A5: 02:00
A6: 03:00
A7: 04:00
A8: 05:00
A9: 06:00
A10: 07:00
A11: 08:00
A12: 09:00
A13: 10:00
A14: 11:00
... A26: 23:00
A28: M = Tidak Luang | D28: H = Luang
A29: 💡 Tip: Ketik 'M' di sel yang kamu tidak bisa, 'H' jika bisa. Gunakan Ctrl+D untuk copy ke bawah!

Sheet Orang 2
A1: ⏰ Keluangan Waktu — Orang 2
A2: JAM | B2: Sel 14/4 | C2: Rab 15/4 | D2: Kam 16/4 | E2: Jum 17/4 | F2: Sab 18/4 | G2: Min 19/4 | H2: Sen 20/4 | I2: Sel 21/4 | J2: Rab 22/4 | K2: Kam 23/4 | L2: Jum 24/4 | M2: Sab 25/4 | N2: Min 26/4 | O2: Sen 27/4 | P2: Sel 28/4 | Q2: Rab 29/4 | R2: Kam 30/4
A3: 00:00
A4: 01:00
A5: 02:00
A6: 03:00
A7: 04:00
A8: 05:00
A9: 06:00
A10: 07:00
A11: 08:00
A12: 09:00
A13: 10:00
A14: 11:00
... A26: 23:00
A28: M = Tidak Luang | D28: H = Luang
A29: 💡 Tip: Ketik 'M' di sel yang kamu tidak bisa, 'H' jika bisa. Gunakan Ctrl+D untuk copy ke bawah!

Sheet Orang 3
A1: ⏰ Keluangan Waktu — Orang 3
A2: JAM | B2: Sel 14/4 | C2: Rab 15/4 | D2: Kam 16/4 | E2: Jum 17/4 | F2: Sab 18/4 | G2: Min 19/4 | H2: Sen 20/4 | I2: Sel 21/4 | J2: Rab 22/4 | K2: Kam 23/4 | L2: Jum 24/4 | M2: Sab 25/4 | N2: Min 26/4 | O2: Sen 27/4 | P2: Sel 28/4 | Q2: Rab 29/4 | R2: Kam 30/4
A3: 00:00
A4: 01:00
A5: 02:00
A6: 03:00
A7: 04:00
A8: 05:00
A9: 06:00
A10: 07:00
A11: 08:00
A12: 09:00
A13: 10:00
A14: 11:00
... A26: 23:00
A28: M = Tidak Luang | D28: H = Luang
A29: 💡 Tip: Ketik 'M' di sel yang kamu tidak bisa, 'H' jika bisa. Gunakan Ctrl+D untuk copy ke bawah!

Sheet Rekap
A1: 📊 Rekap Keluangan Bersama (Semua Orang Luang)
A2: JAM | B2: Sel 14/4 | C2: Rab 15/4 | D2: Kam 16/4 | E2: Jum 17/4 | F2: Sab 18/4 | G2: Min 19/4 | H2: Sen 20/4 | I2: Sel 21/4 | J2: Rab 22/4 | K2: Kam 23/4 | L2: Jum 24/4 | M2: Sab 25/4 | N2: Min 26/4 | O2: Sen 27/4 | P2: Sel 28/4 | Q2: Rab 29/4 | R2: Kam 30/4
A3: 00:00 | B3: =IF(AND(UPPER('Orang 1'!B3)="H",UPPER('Orang 2'!B3)="H",UPPER('Orang 3'!B3)="H"),"✓ SEMUA LUANG","") | C3: =IF(AND(UPPER('Orang 1'!C3)="H",UPPER('Orang 2'!C3)="H",UPPER('Orang 3'!C3)="H"),"✓ SEMUA LUANG","") | D3: =IF(AND(UPPER('Orang 1'!D3)="H",UPPER('Orang 2'!D3)="H",UPPER('Orang 3'!D3)="H"),"✓ SEMUA LUANG","") | E3: =IF(AND(UPPER('Orang 1'!E3)="H",UPPER('Orang 2'!E3)="H",UPPER('Orang 3'!E3)="H"),"✓ SEMUA LUANG","") | F3: =IF(AND(UPPER('Orang 1'!F3)="H",UPPER('Orang 2'!F3)="H",UPPER('Orang 3'!F3)="H"),"✓ SEMUA LUANG","") | G3: =IF(AND(UPPER('Orang 1'!G3)="H",UPPER('Orang 2'!G3)="H",UPPER('Orang 3'!G3)="H"),"✓ SEMUA LUANG","") | H3: =IF(AND(UPPER('Orang 1'!H3)="H",UPPER('Orang 2'!H3)="H",UPPER('Orang 3'!H3)="H"),"✓ SEMUA LUANG","") | I3: =IF(AND(UPPER('Orang 1'!I3)="H",UPPER('Orang 2'!I3)="H",UPPER('Orang 3'!I3)="H"),"✓ SEMUA LUANG","") | ... R3: =IF(AND(UPPER('Orang 1'!R3)="H",UPPER('Orang 2'!R3)="H",UPPER('Orang 3'!R3)="H"),"✓ SEMUA LUANG","")
A4: 01:00 | B4: =IF(AND(UPPER('Orang 1'!B4)="H",UPPER('Orang 2'!B4)="H",UPPER('Orang 3'!B4)="H"),"✓ SEMUA LUANG","") | C4: =IF(AND(UPPER('Orang 1'!C4)="H",UPPER('Orang 2'!C4)="H",UPPER('Orang 3'!C4)="H"),"✓ SEMUA LUANG","") | D4: =IF(AND(UPPER('Orang 1'!D4)="H",UPPER('Orang 2'!D4)="H",UPPER('Orang 3'!D4)="H"),"✓ SEMUA LUANG","") | E4: =IF(AND(UPPER('Orang 1'!E4)="H",UPPER('Orang 2'!E4)="H",UPPER('Orang 3'!E4)="H"),"✓ SEMUA LUANG","") | F4: =IF(AND(UPPER('Orang 1'!F4)="H",UPPER('Orang 2'!F4)="H",UPPER('Orang 3'!F4)="H"),"✓ SEMUA LUANG","") | G4: =IF(AND(UPPER('Orang 1'!G4)="H",UPPER('Orang 2'!G4)="H",UPPER('Orang 3'!G4)="H"),"✓ SEMUA LUANG","") | H4: =IF(AND(UPPER('Orang 1'!H4)="H",UPPER('Orang 2'!H4)="H",UPPER('Orang 3'!H4)="H"),"✓ SEMUA LUANG","") | I4: =IF(AND(UPPER('Orang 1'!I4)="H",UPPER('Orang 2'!I4)="H",UPPER('Orang 3'!I4)="H"),"✓ SEMUA LUANG","") | ... R4: =IF(AND(UPPER('Orang 1'!R4)="H",UPPER('Orang 2'!R4)="H",UPPER('Orang 3'!R4)="H"),"✓ SEMUA LUANG","")
A5: 02:00 | B5: =IF(AND(UPPER('Orang 1'!B5)="H",UPPER('Orang 2'!B5)="H",UPPER('Orang 3'!B5)="H"),"✓ SEMUA LUANG","") | C5: =IF(AND(UPPER('Orang 1'!C5)="H",UPPER('Orang 2'!C5)="H",UPPER('Orang 3'!C5)="H"),"✓ SEMUA LUANG","") | D5: =IF(AND(UPPER('Orang 1'!D5)="H",UPPER('Orang 2'!D5)="H",UPPER('Orang 3'!D5)="H"),"✓ SEMUA LUANG","") | E5: =IF(AND(UPPER('Orang 1'!E5)="H",UPPER('Orang 2'!E5)="H",UPPER('Orang 3'!E5)="H"),"✓ SEMUA LUANG","") | F5: =IF(AND(UPPER('Orang 1'!F5)="H",UPPER('Orang 2'!F5)="H",UPPER('Orang 3'!F5)="H"),"✓ SEMUA LUANG","") | G5: =IF(AND(UPPER('Orang 1'!G5)="H",UPPER('Orang 2'!G5)="H",UPPER('Orang 3'!G5)="H"),"✓ SEMUA LUANG","") | H5: =IF(AND(UPPER('Orang 1'!H5)="H",UPPER('Orang 2'!H5)="H",UPPER('Orang 3'!H5)="H"),"✓ SEMUA LUANG","") | I5: =IF(AND(UPPER('Orang 1'!I5)="H",UPPER('Orang 2'!I5)="H",UPPER('Orang 3'!I5)="H"),"✓ SEMUA LUANG","") | ... R5: =IF(AND(UPPER('Orang 1'!R5)="H",UPPER('Orang 2'!R5)="H",UPPER('Orang 3'!R5)="H"),"✓ SEMUA LUANG","")
A6: 03:00 | B6: =IF(AND(UPPER('Orang 1'!B6)="H",UPPER('Orang 2'!B6)="H",UPPER('Orang 3'!B6)="H"),"✓ SEMUA LUANG","") | C6: =IF(AND(UPPER('Orang 1'!C6)="H",UPPER('Orang 2'!C6)="H",UPPER('Orang 3'!C6)="H"),"✓ SEMUA LUANG","") | D6: =IF(AND(UPPER('Orang 1'!D6)="H",UPPER('Orang 2'!D6)="H",UPPER('Orang 3'!D6)="H"),"✓ SEMUA LUANG","") | E6: =IF(AND(UPPER('Orang 1'!E6)="H",UPPER('Orang 2'!E6)="H",UPPER('Orang 3'!E6)="H"),"✓ SEMUA LUANG","") | F6: =IF(AND(UPPER('Orang 1'!F6)="H",UPPER('Orang 2'!F6)="H",UPPER('Orang 3'!F6)="H"),"✓ SEMUA LUANG","") | G6: =IF(AND(UPPER('Orang 1'!G6)="H",UPPER('Orang 2'!G6)="H",UPPER('Orang 3'!G6)="H"),"✓ SEMUA LUANG","") | H6: =IF(AND(UPPER('Orang 1'!H6)="H",UPPER('Orang 2'!H6)="H",UPPER('Orang 3'!H6)="H"),"✓ SEMUA LUANG","") | I6: =IF(AND(UPPER('Orang 1'!I6)="H",UPPER('Orang 2'!I6)="H",UPPER('Orang 3'!I6)="H"),"✓ SEMUA LUANG","") | ... R6: =IF(AND(UPPER('Orang 1'!R6)="H",UPPER('Orang 2'!R6)="H",UPPER('Orang 3'!R6)="H"),"✓ SEMUA LUANG","")
A7: 04:00 | B7: =IF(AND(UPPER('Orang 1'!B7)="H",UPPER('Orang 2'!B7)="H",UPPER('Orang 3'!B7)="H"),"✓ SEMUA LUANG","") | C7: =IF(AND(UPPER('Orang 1'!C7)="H",UPPER('Orang 2'!C7)="H",UPPER('Orang 3'!C7)="H"),"✓ SEMUA LUANG","") | D7: =IF(AND(UPPER('Orang 1'!D7)="H",UPPER('Orang 2'!D7)="H",UPPER('Orang 3'!D7)="H"),"✓ SEMUA LUANG","") | E7: =IF(AND(UPPER('Orang 1'!E7)="H",UPPER('Orang 2'!E7)="H",UPPER('Orang 3'!E7)="H"),"✓ SEMUA LUANG","") | F7: =IF(AND(UPPER('Orang 1'!F7)="H",UPPER('Orang 2'!F7)="H",UPPER('Orang 3'!F7)="H"),"✓ SEMUA LUANG","") | G7: =IF(AND(UPPER('Orang 1'!G7)="H",UPPER('Orang 2'!G7)="H",UPPER('Orang 3'!G7)="H"),"✓ SEMUA LUANG","") | H7: =IF(AND(UPPER('Orang 1'!H7)="H",UPPER('Orang 2'!H7)="H",UPPER('Orang 3'!H7)="H"),"✓ SEMUA LUANG","") | I7: =IF(AND(UPPER('Orang 1'!I7)="H",UPPER('Orang 2'!I7)="H",UPPER('Orang 3'!I7)="H"),"✓ SEMUA LUANG","") | ... R7: =IF(AND(UPPER('Orang 1'!R7)="H",UPPER('Orang 2'!R7)="H",UPPER('Orang 3'!R7)="H"),"✓ SEMUA LUANG","")
A8: 05:00 | B8: =IF(AND(UPPER('Orang 1'!B8)="H",UPPER('Orang 2'!B8)="H",UPPER('Orang 3'!B8)="H"),"✓ SEMUA LUANG","") | C8: =IF(AND(UPPER('Orang 1'!C8)="H",UPPER('Orang 2'!C8)="H",UPPER('Orang 3'!C8)="H"),"✓ SEMUA LUANG","") | D8: =IF(AND(UPPER('Orang 1'!D8)="H",UPPER('Orang 2'!D8)="H",UPPER('Orang 3'!D8)="H"),"✓ SEMUA LUANG","") | E8: =IF(AND(UPPER('Orang 1'!E8)="H",UPPER('Orang 2'!E8)="H",UPPER('Orang 3'!E8)="H"),"✓ SEMUA LUANG","") | F8: =IF(AND(UPPER('Orang 1'!F8)="H",UPPER('Orang 2'!F8)="H",UPPER('Orang 3'!F8)="H"),"✓ SEMUA LUANG","") | G8: =IF(AND(UPPER('Orang 1'!G8)="H",UPPER('Orang 2'!G8)="H",UPPER('Orang 3'!G8)="H"),"✓ SEMUA LUANG","") | H8: =IF(AND(UPPER('Orang 1'!H8)="H",UPPER('Orang 2'!H8)="H",UPPER('Orang 3'!H8)="H"),"✓ SEMUA LUANG","") | I8: =IF(AND(UPPER('Orang 1'!I8)="H",UPPER('Orang 2'!I8)="H",UPPER('Orang 3'!I8)="H"),"✓ SEMUA LUANG","") | ... R8: =IF(AND(UPPER('Orang 1'!R8)="H",UPPER('Orang 2'!R8)="H",UPPER('Orang 3'!R8)="H"),"✓ SEMUA LUANG","")
A9: 06:00 | B9: =IF(AND(UPPER('Orang 1'!B9)="H",UPPER('Orang 2'!B9)="H",UPPER('Orang 3'!B9)="H"),"✓ SEMUA LUANG","") | C9: =IF(AND(UPPER('Orang 1'!C9)="H",UPPER('Orang 2'!C9)="H",UPPER('Orang 3'!C9)="H"),"✓ SEMUA LUANG","") | D9: =IF(AND(UPPER('Orang 1'!D9)="H",UPPER('Orang 2'!D9)="H",UPPER('Orang 3'!D9)="H"),"✓ SEMUA LUANG","") | E9: =IF(AND(UPPER('Orang 1'!E9)="H",UPPER('Orang 2'!E9)="H",UPPER('Orang 3'!E9)="H"),"✓ SEMUA LUANG","") | F9: =IF(AND(UPPER('Orang 1'!F9)="H",UPPER('Orang 2'!F9)="H",UPPER('Orang 3'!F9)="H"),"✓ SEMUA LUANG","") | G9: =IF(AND(UPPER('Orang 1'!G9)="H",UPPER('Orang 2'!G9)="H",UPPER('Orang 3'!G9)="H"),"✓ SEMUA LUANG","") | H9: =IF(AND(UPPER('Orang 1'!H9)="H",UPPER('Orang 2'!H9)="H",UPPER('Orang 3'!H9)="H"),"✓ SEMUA LUANG","") | I9: =IF(AND(UPPER('Orang 1'!I9)="H",UPPER('Orang 2'!I9)="H",UPPER('Orang 3'!I9)="H"),"✓ SEMUA LUANG","") | ... R9: =IF(AND(UPPER('Orang 1'!R9)="H",UPPER('Orang 2'!R9)="H",UPPER('Orang 3'!R9)="H"),"✓ SEMUA LUANG","")
A10: 07:00 | B10: =IF(AND(UPPER('Orang 1'!B10)="H",UPPER('Orang 2'!B10)="H",UPPER('Orang 3'!B10)="H"),"✓ SEMUA LUANG","") | C10: =IF(AND(UPPER('Orang 1'!C10)="H",UPPER('Orang 2'!C10)="H",UPPER('Orang 3'!C10)="H"),"✓ SEMUA LUANG","") | D10: =IF(AND(UPPER('Orang 1'!D10)="H",UPPER('Orang 2'!D10)="H",UPPER('Orang 3'!D10)="H"),"✓ SEMUA LUANG","") | E10: =IF(AND(UPPER('Orang 1'!E10)="H",UPPER('Orang 2'!E10)="H",UPPER('Orang 3'!E10)="H"),"✓ SEMUA LUANG","") | F10: =IF(AND(UPPER('Orang 1'!F10)="H",UPPER('Orang 2'!F10)="H",UPPER('Orang 3'!F10)="H"),"✓ SEMUA LUANG","") | G10: =IF(AND(UPPER('Orang 1'!G10)="H",UPPER('Orang 2'!G10)="H",UPPER('Orang 3'!G10)="H"),"✓ SEMUA LUANG","") | H10: =IF(AND(UPPER('Orang 1'!H10)="H",UPPER('Orang 2'!H10)="H",UPPER('Orang 3'!H10)="H"),"✓ SEMUA LUANG","") | I10: =IF(AND(UPPER('Orang 1'!I10)="H",UPPER('Orang 2'!I10)="H",UPPER('Orang 3'!I10)="H"),"✓ SEMUA LUANG","") | ... R10: =IF(AND(UPPER('Orang 1'!R10)="H",UPPER('Orang 2'!R10)="H",UPPER('Orang 3'!R10)="H"),"✓ SEMUA LUANG","")
A11: 08:00 | B11: =IF(AND(UPPER('Orang 1'!B11)="H",UPPER('Orang 2'!B11)="H",UPPER('Orang 3'!B11)="H"),"✓ SEMUA LUANG","") | C11: =IF(AND(UPPER('Orang 1'!C11)="H",UPPER('Orang 2'!C11)="H",UPPER('Orang 3'!C11)="H"),"✓ SEMUA LUANG","") | D11: =IF(AND(UPPER('Orang 1'!D11)="H",UPPER('Orang 2'!D11)="H",UPPER('Orang 3'!D11)="H"),"✓ SEMUA LUANG","") | E11: =IF(AND(UPPER('Orang 1'!E11)="H",UPPER('Orang 2'!E11)="H",UPPER('Orang 3'!E11)="H"),"✓ SEMUA LUANG","") | F11: =IF(AND(UPPER('Orang 1'!F11)="H",UPPER('Orang 2'!F11)="H",UPPER('Orang 3'!F11)="H"),"✓ SEMUA LUANG","") | G11: =IF(AND(UPPER('Orang 1'!G11)="H",UPPER('Orang 2'!G11)="H",UPPER('Orang 3'!G11)="H"),"✓ SEMUA LUANG","") | H11: =IF(AND(UPPER('Orang 1'!H11)="H",UPPER('Orang 2'!H11)="H",UPPER('Orang 3'!H11)="H"),"✓ SEMUA LUANG","") | I11: =IF(AND(UPPER('Orang 1'!I11)="H",UPPER('Orang 2'!I11)="H",UPPER('Orang 3'!I11)="H"),"✓ SEMUA LUANG","") | ... R11: =IF(AND(UPPER('Orang 1'!R11)="H",UPPER('Orang 2'!R11)="H",UPPER('Orang 3'!R11)="H"),"✓ SEMUA LUANG","")
A12: 09:00 | B12: =IF(AND(UPPER('Orang 1'!B12)="H",UPPER('Orang 2'!B12)="H",UPPER('Orang 3'!B12)="H"),"✓ SEMUA LUANG","") | C12: =IF(AND(UPPER('Orang 1'!C12)="H",UPPER('Orang 2'!C12)="H",UPPER('Orang 3'!C12)="H"),"✓ SEMUA LUANG","") | D12: =IF(AND(UPPER('Orang 1'!D12)="H",UPPER('Orang 2'!D12)="H",UPPER('Orang 3'!D12)="H"),"✓ SEMUA LUANG","") | E12: =IF(AND(UPPER('Orang 1'!E12)="H",UPPER('Orang 2'!E12)="H",UPPER('Orang 3'!E12)="H"),"✓ SEMUA LUANG","") | F12: =IF(AND(UPPER('Orang 1'!F12)="H",UPPER('Orang 2'!F12)="H",UPPER('Orang 3'!F12)="H"),"✓ SEMUA LUANG","") | G12: =IF(AND(UPPER('Orang 1'!G12)="H",UPPER('Orang 2'!G12)="H",UPPER('Orang 3'!G12)="H"),"✓ SEMUA LUANG","") | H12: =IF(AND(UPPER('Orang 1'!H12)="H",UPPER('Orang 2'!H12)="H",UPPER('Orang 3'!H12)="H"),"✓ SEMUA LUANG","") | I12: =IF(AND(UPPER('Orang 1'!I12)="H",UPPER('Orang 2'!I12)="H",UPPER('Orang 3'!I12)="H"),"✓ SEMUA LUANG","") | ... R12: =IF(AND(UPPER('Orang 1'!R12)="H",UPPER('Orang 2'!R12)="H",UPPER('Orang 3'!R12)="H"),"✓ SEMUA LUANG","")
A13: 10:00 | B13: =IF(AND(UPPER('Orang 1'!B13)="H",UPPER('Orang 2'!B13)="H",UPPER('Orang 3'!B13)="H"),"✓ SEMUA LUANG","") | C13: =IF(AND(UPPER('Orang 1'!C13)="H",UPPER('Orang 2'!C13)="H",UPPER('Orang 3'!C13)="H"),"✓ SEMUA LUANG","") | D13: =IF(AND(UPPER('Orang 1'!D13)="H",UPPER('Orang 2'!D13)="H",UPPER('Orang 3'!D13)="H"),"✓ SEMUA LUANG","") | E13: =IF(AND(UPPER('Orang 1'!E13)="H",UPPER('Orang 2'!E13)="H",UPPER('Orang 3'!E13)="H"),"✓ SEMUA LUANG","") | F13: =IF(AND(UPPER('Orang 1'!F13)="H",UPPER('Orang 2'!F13)="H",UPPER('Orang 3'!F13)="H"),"✓ SEMUA LUANG","") | G13: =IF(AND(UPPER('Orang 1'!G13)="H",UPPER('Orang 2'!G13)="H",UPPER('Orang 3'!G13)="H"),"✓ SEMUA LUANG","") | H13: =IF(AND(UPPER('Orang 1'!H13)="H",UPPER('Orang 2'!H13)="H",UPPER('Orang 3'!H13)="H"),"✓ SEMUA LUANG","") | I13: =IF(AND(UPPER('Orang 1'!I13)="H",UPPER('Orang 2'!I13)="H",UPPER('Orang 3'!I13)="H"),"✓ SEMUA LUANG","") | ... R13: =IF(AND(UPPER('Orang 1'!R13)="H",UPPER('Orang 2'!R13)="H",UPPER('Orang 3'!R13)="H"),"✓ SEMUA LUANG","")
A14: 11:00 | B14: =IF(AND(UPPER('Orang 1'!B14)="H",UPPER('Orang 2'!B14)="H",UPPER('Orang 3'!B14)="H"),"✓ SEMUA LUANG","") | C14: =IF(AND(UPPER('Orang 1'!C14)="H",UPPER('Orang 2'!C14)="H",UPPER('Orang 3'!C14)="H"),"✓ SEMUA LUANG","") | D14: =IF(AND(UPPER('Orang 1'!D14)="H",UPPER('Orang 2'!D14)="H",UPPER('Orang 3'!D14)="H"),"✓ SEMUA LUANG","") | E14: =IF(AND(UPPER('Orang 1'!E14)="H",UPPER('Orang 2'!E14)="H",UPPER('Orang 3'!E14)="H"),"✓ SEMUA LUANG","") | F14: =IF(AND(UPPER('Orang 1'!F14)="H",UPPER('Orang 2'!F14)="H",UPPER('Orang 3'!F14)="H"),"✓ SEMUA LUANG","") | G14: =IF(AND(UPPER('Orang 1'!G14)="H",UPPER('Orang 2'!G14)="H",UPPER('Orang 3'!G14)="H"),"✓ SEMUA LUANG","") | H14: =IF(AND(UPPER('Orang 1'!H14)="H",UPPER('Orang 2'!H14)="H",UPPER('Orang 3'!H14)="H"),"✓ SEMUA LUANG","") | I14: =IF(AND(UPPER('Orang 1'!I14)="H",UPPER('Orang 2'!I14)="H",UPPER('Orang 3'!I14)="H"),"✓ SEMUA LUANG","") | ... R14: =IF(AND(UPPER('Orang 1'!R14)="H",UPPER('Orang 2'!R14)="H",UPPER('Orang 3'!R14)="H"),"✓ SEMUA LUANG","")
... A26: 23:00 | B26: =IF(AND(UPPER('Orang 1'!B26)="H",UPPER('Orang 2'!B26)="H",UPPER('Orang 3'!B26)="H"),"✓ SEMUA LUANG","") | C26: =IF(AND(UPPER('Orang 1'!C26)="H",UPPER('Orang 2'!C26)="H",UPPER('Orang 3'!C26)="H"),"✓ SEMUA LUANG","") | D26: =IF(AND(UPPER('Orang 1'!D26)="H",UPPER('Orang 2'!D26)="H",UPPER('Orang 3'!D26)="H"),"✓ SEMUA LUANG","") | E26: =IF(AND(UPPER('Orang 1'!E26)="H",UPPER('Orang 2'!E26)="H",UPPER('Orang 3'!E26)="H"),"✓ SEMUA LUANG","") | F26: =IF(AND(UPPER('Orang 1'!F26)="H",UPPER('Orang 2'!F26)="H",UPPER('Orang 3'!F26)="H"),"✓ SEMUA LUANG","") | G26: =IF(AND(UPPER('Orang 1'!G26)="H",UPPER('Orang 2'!G26)="H",UPPER('Orang 3'!G26)="H"),"✓ SEMUA LUANG","") | H26: =IF(AND(UPPER('Orang 1'!H26)="H",UPPER('Orang 2'!H26)="H",UPPER('Orang 3'!H26)="H"),"✓ SEMUA LUANG","") | I26: =IF(AND(UPPER('Orang 1'!I26)="H",UPPER('Orang 2'!I26)="H",UPPER('Orang 3'!I26)="H"),"✓ SEMUA LUANG","") | ... R26: =IF(AND(UPPER('Orang 1'!R26)="H",UPPER('Orang 2'!R26)="H",UPPER('Orang 3'!R26)="H"),"✓ SEMUA LUANG","")
A28: ✓ SEMUA LUANG = Ketiga orang sama-sama luang di slot tersebut | Pastikan sudah mengisi sheet masing-masing terlebih dahulu!
